https://www.geeksforgeeks.org/set-add-python/,200,2021-09-13-16:03:00.960786
https://www.geeksforgeeks.org/set-add-python/,200,2021-09-13-16:04:01.288637
https://www.geeksforgeeks.org/set-add-python/,200,2021-09-13-16:05:02.053843
https://www.geeksforgeeks.org/set-add-python/,200,2021-09-13-16:06:02.486647
https://www.geeksforgeeks.org/set-add-python/,200,2021-09-13-16:07:03.009193
https://docs.python.org/3/library/email.html,200,2021-09-13-16:03:01.053312
https://docs.python.org/3/library/email.html,200,2021-09-13-16:04:01.489122
https://docs.python.org/3/library/email.html,200,2021-09-13-16:05:02.067920
https://docs.python.org/3/library/email.html,200,2021-09-13-16:06:02.587136
https://docs.python.org/3/library/email.html,200,2021-09-13-16:07:03.105794
https://google.com,200,2021-09-13-16:03:01.994444
https://google.com,200,2021-09-13-16:04:03.357983
https://google.com,200,2021-09-13-16:05:04.683184
https://google.com,200,2021-09-13-16:06:06.035742
https://google.com,200,2021-09-13-16:07:07.402380
